ProductID,ProductName
1,Adjustable Race
879,All-Purpose Bike Stand
712,AWC Logo Cap
3,BB Ball Bearing
2,Bearing Ball
877,Bike Wash - Dissolver
316,Blade
843,Cable Lock
952,Chain
324,Chain Stays
322,Chainring
320,Chainring Bolts
321,Chainring Nut
866,"Classic Vest, L"
865,"Classic Vest, M"
864,"Classic Vest, S"
505,Cone-Shaped Race
323,Crown Race
504,Cup-Shaped Race
325,Decal 1
326,Decal 2
327,Down Tube
409,External Lock Washer 1
411,External Lock Washer 2
403,External Lock Washer 3
404,External Lock Washer 4
406,External Lock Washer 5
408,External Lock Washer 6
407,External Lock Washer 7
410,External Lock Washer 8
405,External Lock Washer 9
878,Fender Set - Mountain
341,Flat Washer 1
343,Flat Washer 2
346,Flat Washer 3
345,Flat Washer 4
348,Flat Washer 5
342,Flat Washer 6
349,Flat Washer 7
347,Flat Washer 8
344,Flat Washer 9
350,Fork Crown
331,Fork End
332,Freewheel
948,Front Brakes
945,Front Derailleur
351,Front Derailleur Cage
352,Front Derailleur Linkage
863,"Full-Finger Gloves, L"
862,"Full-Finger Gloves, M"
861,"Full-Finger Gloves, S"
355,Guide Pulley
860,"Half-Finger Gloves, L"
859,"Half-Finger Gloves, M"
858,"Half-Finger Gloves, S"
398,Handlebar Tube
399,Head Tube
847,Headlights - Dual-Beam
848,Headlights - Weatherproof
4,Headset Ball Bearings
386,Hex Nut 1
387,Hex Nut 10
388,Hex Nut 11
384,Hex Nut 12
385,Hex Nut 13
393,Hex Nut 14
394,Hex Nut 15
377,Hex Nut 16
378,Hex Nut 17
396,Hex Nut 18
397,Hex Nut 19
389,Hex Nut 2
390,Hex Nut 20
391,Hex Nut 21
382,Hex Nut 22
383,Hex Nut 23
392,Hex Nut 3
395,Hex Nut 4
375,Hex Nut 5
376,Hex Nut 6
379,Hex Nut 7
380,Hex Nut 8
381,Hex Nut 9
876,Hitch Rack - 4-Bike
996,HL Bottom Bracket
319,HL Crankarm
951,HL Crankset
804,HL Fork
358,HL Grip Tape
807,HL Headset
401,HL Hub
747,"HL Mountain Frame - Black, 38"
743,"HL Mountain Frame - Black, 42"
744,"HL Mountain Frame - Black, 44"
746,"HL Mountain Frame - Black, 46"
745,"HL Mountain Frame - Black, 48"
748,"HL Mountain Frame - Silver, 38"
739,"HL Mountain Frame - Silver, 42"
740,"HL Mountain Frame - Silver, 44"
742,"HL Mountain Frame - Silver, 46"
741,"HL Mountain Frame - Silver, 48"
817,HL Mountain Front Wheel
810,HL Mountain Handlebars
937,HL Mountain Pedal
825,HL Mountain Rear Wheel
509,HL Mountain Rim
516,HL Mountain Seat Assembly
910,HL Mountain Seat/Saddle
930,HL Mountain Tire
491,HL Nipple
838,"HL Road Frame - Black, 44"
839,"HL Road Frame - Black, 48"
840,"HL Road Frame - Black, 52"
680,"HL Road Frame - Black, 58"
837,"HL Road Frame - Black, 62"
718,"HL Road Frame - Red, 44"
719,"HL Road Frame - Red, 48"
720,"HL Road Frame - Red, 52"
721,"HL Road Frame - Red, 56"
706,"HL Road Frame - Red, 58"
717,"HL Road Frame - Red, 62"
820,HL Road Front Wheel
813,HL Road Handlebars
940,HL Road Pedal
828,HL Road Rear Wheel
512,HL Road Rim
519,HL Road Seat Assembly
913,HL Road Seat/Saddle
933,HL Road Tire
526,HL Shell
524,HL Spindle/Axle
890,"HL Touring Frame - Blue, 46"
891,"HL Touring Frame - Blue, 50"
892,"HL Touring Frame - Blue, 54"
893,"HL Touring Frame - Blue, 60"
887,"HL Touring Frame - Yellow, 46"
888,"HL Touring Frame - Yellow, 50"
889,"HL Touring Frame - Yellow, 54"
885,"HL Touring Frame - Yellow, 60"
947,HL Touring Handlebars
522,HL Touring Seat Assembly
916,HL Touring Seat/Saddle
880,Hydration Pack - 70 oz.
419,Internal Lock Washer 1
418,Internal Lock Washer 10
421,Internal Lock Washer 2
412,Internal Lock Washer 3
413,Internal Lock Washer 4
415,Internal Lock Washer 5
417,Internal Lock Washer 6
416,Internal Lock Washer 7
420,Internal Lock Washer 8
414,Internal Lock Washer 9
402,Keyed Washer
994,LL Bottom Bracket
317,LL Crankarm
949,LL Crankset
802,LL Fork
356,LL Grip Tape
805,LL Headset
400,LL Hub
943,"LL Mountain Frame - Black, 40"
924,"LL Mountain Frame - Black, 42"
925,"LL Mountain Frame - Black, 44"
926,"LL Mountain Frame - Black, 48"
927,"LL Mountain Frame - Black, 52"
944,"LL Mountain Frame - Silver, 40"
917,"LL Mountain Frame - Silver, 42"
918,"LL Mountain Frame - Silver, 44"
919,"LL Mountain Frame - Silver, 48"
920,"LL Mountain Frame - Silver, 52"
815,LL Mountain Front Wheel
808,LL Mountain Handlebars
935,LL Mountain Pedal
823,LL Mountain Rear Wheel
507,LL Mountain Rim
514,LL Mountain Seat Assembly
908,LL Mountain Seat/Saddle
928,LL Mountain Tire
490,LL Nipple
736,"LL Road Frame - Black, 44"
737,"LL Road Frame - Black, 48"
738,"LL Road Frame - Black, 52"
722,"LL Road Frame - Black, 58"
723,"LL Road Frame - Black, 60"
724,"LL Road Frame - Black, 62"
725,"LL Road Frame - Red, 44"
726,"LL Road Frame - Red, 48"
727,"LL Road Frame - Red, 52"
728,"LL Road Frame - Red, 58"
729,"LL Road Frame - Red, 60"
730,"LL Road Frame - Red, 62"
818,LL Road Front Wheel
811,LL Road Handlebars
938,LL Road Pedal
826,LL Road Rear Wheel
510,LL Road Rim
517,LL Road Seat Assembly
911,LL Road Seat/Saddle
931,LL Road Tire
525,LL Shell
523,LL Spindle/Axle
903,"LL Touring Frame - Blue, 44"
895,"LL Touring Frame - Blue, 50"
896,"LL Touring Frame - Blue, 54"
897,"LL Touring Frame - Blue, 58"
898,"LL Touring Frame - Blue, 62"
899,"LL Touring Frame - Yellow, 44"
900,"LL Touring Frame - Yellow, 50"
901,"LL Touring Frame - Yellow, 54"
902,"LL Touring Frame - Yellow, 58"
886,"LL Touring Frame - Yellow, 62"
946,LL Touring Handlebars
520,LL Touring Seat Assembly
914,LL Touring Seat/Saddle
449,Lock Nut 1
450,Lock Nut 10
451,Lock Nut 11
447,Lock Nut 12
448,Lock Nut 13
456,Lock Nut 14
457,Lock Nut 15
440,Lock Nut 16
441,Lock Nut 17
460,Lock Nut 18
459,Lock Nut 19
452,Lock Nut 2
453,Lock Nut 20
454,Lock Nut 21
445,Lock Nut 22
446,Lock Nut 23
455,Lock Nut 3
458,Lock Nut 4
438,Lock Nut 5
439,Lock Nut 6
442,Lock Nut 7
443,Lock Nut 8
444,Lock Nut 9
461,Lock Ring
469,Lock Washer 1
465,Lock Washer 10
475,Lock Washer 11
471,Lock Washer 12
467,Lock Washer 13
472,Lock Washer 2
474,Lock Washer 3
463,Lock Washer 4
464,Lock Washer 5
466,Lock Washer 6
470,Lock Washer 7
468,Lock Washer 8
473,Lock Washer 9
715,"Long-Sleeve Logo Jersey, L"
714,"Long-Sleeve Logo Jersey, M"
713,"Long-Sleeve Logo Jersey, S"
716,"Long-Sleeve Logo Jersey, XL"
462,Lower Head Race
857,"Men's Bib-Shorts, L"
856,"Men's Bib-Shorts, M"
855,"Men's Bib-Shorts, S"
850,"Men's Sports Shorts, L"
849,"Men's Sports Shorts, M"
841,"Men's Sports Shorts, S"
851,"Men's Sports Shorts, XL"
476,Metal Angle
477,Metal Bar 1
478,Metal Bar 2
480,Metal Plate 1
479,Metal Plate 2
481,Metal Plate 3
488,Metal Sheet 1
482,Metal Sheet 2
483,Metal Sheet 3
485,Metal Sheet 4
486,Metal Sheet 5
487,Metal Sheet 6
484,Metal Sheet 7
489,Metal Tread Plate
844,Minipump
995,ML Bottom Bracket
318,ML Crankarm
950,ML Crankset
803,ML Fork
357,ML Grip Tape
806,ML Headset
814,"ML Mountain Frame - Black, 38"
830,"ML Mountain Frame - Black, 40"
831,"ML Mountain Frame - Black, 44"
832,"ML Mountain Frame - Black, 48"
942,"ML Mountain Frame-W - Silver, 38"
904,"ML Mountain Frame-W - Silver, 40"
905,"ML Mountain Frame-W - Silver, 42"
906,"ML Mountain Frame-W - Silver, 46"
816,ML Mountain Front Wheel
809,ML Mountain Handlebars
936,ML Mountain Pedal
824,ML Mountain Rear Wheel
508,ML Mountain Rim
515,ML Mountain Seat Assembly
909,ML Mountain Seat/Saddle
929,ML Mountain Tire
731,"ML Road Frame - Red, 44"
732,"ML Road Frame - Red, 48"
733,"ML Road Frame - Red, 52"
734,"ML Road Frame - Red, 58"
735,"ML Road Frame - Red, 60"
822,"ML Road Frame-W - Yellow, 38"
833,"ML Road Frame-W - Yellow, 40"
834,"ML Road Frame-W - Yellow, 42"
835,"ML Road Frame-W - Yellow, 44"
836,"ML Road Frame-W - Yellow, 48"
819,ML Road Front Wheel
812,ML Road Handlebars
939,ML Road Pedal
827,ML Road Rear Wheel
511,ML Road Rim
518,ML Road Seat Assembly
912,ML Road Seat/Saddle
932,ML Road Tire
521,ML Touring Seat Assembly
915,ML Touring Seat/Saddle
710,"Mountain Bike Socks, L"
709,"Mountain Bike Socks, M"
871,Mountain Bottle Cage
328,Mountain End Caps
845,Mountain Pump
921,Mountain Tire Tube
775,"Mountain-100 Black, 38"
776,"Mountain-100 Black, 42"
777,"Mountain-100 Black, 44"
778,"Mountain-100 Black, 48"
771,"Mountain-100 Silver, 38"
772,"Mountain-100 Silver, 42"
773,"Mountain-100 Silver, 44"
774,"Mountain-100 Silver, 48"
782,"Mountain-200 Black, 38"
783,"Mountain-200 Black, 42"
784,"Mountain-200 Black, 46"
779,"Mountain-200 Silver, 38"
780,"Mountain-200 Silver, 42"
781,"Mountain-200 Silver, 46"
785,"Mountain-300 Black, 38"
786,"Mountain-300 Black, 40"
787,"Mountain-300 Black, 44"
788,"Mountain-300 Black, 48"
980,"Mountain-400-W Silver, 38"
981,"Mountain-400-W Silver, 40"
982,"Mountain-400-W Silver, 42"
983,"Mountain-400-W Silver, 46"
989,"Mountain-500 Black, 40"
990,"Mountain-500 Black, 42"
991,"Mountain-500 Black, 44"
992,"Mountain-500 Black, 48"
993,"Mountain-500 Black, 52"
984,"Mountain-500 Silver, 40"
985,"Mountain-500 Silver, 42"
986,"Mountain-500 Silver, 44"
987,"Mountain-500 Silver, 48"
988,"Mountain-500 Silver, 52"
492,Paint - Black
495,Paint - Blue
493,Paint - Red
494,Paint - Silver
496,Paint - Yellow
873,Patch Kit/8 Patches
497,Pinch Bolt
875,"Racing Socks, L"
874,"Racing Socks, M"
907,Rear Brakes
894,Rear Derailleur
679,Rear Derailleur Cage
506,Reflector
872,Road Bottle Cage
329,Road End Caps
922,Road Tire Tube
750,"Road-150 Red, 44"
751,"Road-150 Red, 48"
752,"Road-150 Red, 52"
753,"Road-150 Red, 56"
749,"Road-150 Red, 62"
793,"Road-250 Black, 44"
794,"Road-250 Black, 48"
795,"Road-250 Black, 52"
796,"Road-250 Black, 58"
789,"Road-250 Red, 44"
790,"Road-250 Red, 48"
791,"Road-250 Red, 52"
792,"Road-250 Red, 58"
973,"Road-350-W Yellow, 40"
974,"Road-350-W Yellow, 42"
975,"Road-350-W Yellow, 44"
976,"Road-350-W Yellow, 48"
756,"Road-450 Red, 44"
757,"Road-450 Red, 48"
758,"Road-450 Red, 52"
754,"Road-450 Red, 58"
755,"Road-450 Red, 60"
797,"Road-550-W Yellow, 38"
798,"Road-550-W Yellow, 40"
799,"Road-550-W Yellow, 42"
800,"Road-550-W Yellow, 44"
801,"Road-550-W Yellow, 48"
768,"Road-650 Black, 44"
769,"Road-650 Black, 48"
770,"Road-650 Black, 52"
765,"Road-650 Black, 58"
766,"Road-650 Black, 60"
767,"Road-650 Black, 62"
762,"Road-650 Red, 44"
763,"Road-650 Red, 48"
764,"Road-650 Red, 52"
759,"Road-650 Red, 58"
760,"Road-650 Red, 60"
761,"Road-650 Red, 62"
997,"Road-750 Black, 44"
998,"Road-750 Black, 48"
999,"Road-750 Black, 52"
977,"Road-750 Black, 58"
528,Seat Lug
530,Seat Post
532,Seat Stays
533,Seat Tube
883,"Short-Sleeve Classic Jersey, L"
882,"Short-Sleeve Classic Jersey, M"
881,"Short-Sleeve Classic Jersey, S"
884,"Short-Sleeve Classic Jersey, XL"
527,Spokes
708,"Sport-100 Helmet, Black"
711,"Sport-100 Helmet, Blue"
707,"Sport-100 Helmet, Red"
531,Steerer
529,Stem
846,Taillights - Battery-Powered
535,Tension Pulley
361,Thin-Jam Hex Nut 1
360,Thin-Jam Hex Nut 10
374,Thin-Jam Hex Nut 11
373,Thin-Jam Hex Nut 12
369,Thin-Jam Hex Nut 13
370,Thin-Jam Hex Nut 14
363,Thin-Jam Hex Nut 15
364,Thin-Jam Hex Nut 16
362,Thin-Jam Hex Nut 2
367,Thin-Jam Hex Nut 3
368,Thin-Jam Hex Nut 4
365,Thin-Jam Hex Nut 5
366,Thin-Jam Hex Nut 6
371,Thin-Jam Hex Nut 7
372,Thin-Jam Hex Nut 8
359,Thin-Jam Hex Nut 9
424,Thin-Jam Lock Nut 1
423,Thin-Jam Lock Nut 10
437,Thin-Jam Lock Nut 11
436,Thin-Jam Lock Nut 12
432,Thin-Jam Lock Nut 13
433,Thin-Jam Lock Nut 14
426,Thin-Jam Lock Nut 15
427,Thin-Jam Lock Nut 16
425,Thin-Jam Lock Nut 2
430,Thin-Jam Lock Nut 3
431,Thin-Jam Lock Nut 4
428,Thin-Jam Lock Nut 5
429,Thin-Jam Lock Nut 6
434,Thin-Jam Lock Nut 7
435,Thin-Jam Lock Nut 8
422,Thin-Jam Lock Nut 9
534,Top Tube
330,Touring End Caps
821,Touring Front Wheel
941,Touring Pedal
829,Touring Rear Wheel
513,Touring Rim
934,Touring Tire
923,Touring Tire Tube
966,"Touring-1000 Blue, 46"
967,"Touring-1000 Blue, 50"
968,"Touring-1000 Blue, 54"
969,"Touring-1000 Blue, 60"
954,"Touring-1000 Yellow, 46"
955,"Touring-1000 Yellow, 50"
956,"Touring-1000 Yellow, 54"
957,"Touring-1000 Yellow, 60"
970,"Touring-2000 Blue, 46"
971,"Touring-2000 Blue, 50"
972,"Touring-2000 Blue, 54"
953,"Touring-2000 Blue, 60"
978,"Touring-3000 Blue, 44"
979,"Touring-3000 Blue, 50"
958,"Touring-3000 Blue, 54"
959,"Touring-3000 Blue, 58"
960,"Touring-3000 Blue, 62"
961,"Touring-3000 Yellow, 44"
962,"Touring-3000 Yellow, 50"
963,"Touring-3000 Yellow, 54"
964,"Touring-3000 Yellow, 58"
965,"Touring-3000 Yellow, 62"
842,"Touring-Panniers, Large"
870,Water Bottle - 30 oz.
869,"Women's Mountain Shorts, L"
868,"Women's Mountain Shorts, M"
867,"Women's Mountain Shorts, S"
854,"Women's Tights, L"
853,"Women's Tights, M"
